Category: All categories,,,,,
,,,,this includes game queries,
Week,where should i travel: (Worldwide),where should i go on holiday: (Worldwide),where should i go on vacation: (Worldwide),where should i go: (Worldwide),my next holiday: (Worldwide)
20/01/2019,17,1,5,81,5
27/01/2019,11,1,5,80,6
3/02/2019,10,2,2,76,3
10/02/2019,14,2,5,80,3
17/02/2019,12,4,3,88,6
24/02/2019,12,2,2,82,3
3/03/2019,12,3,5,88,3
10/03/2019,13,3,5,78,5
17/03/2019,9,4,2,78,3
24/03/2019,9,4,5,88,1
31/03/2019,7,1,4,95,5
7/04/2019,12,2,4,98,3
14/04/2019,12,2,3,86,7
21/04/2019,14,3,3,82,6
28/04/2019,14,1,4,91,6
5/05/2019,9,2,5,79,4
12/05/2019,11,1,4,80,4
19/05/2019,10,2,4,92,6
26/05/2019,10,4,6,89,5
2/06/2019,9,1,2,77,7
9/06/2019,11,2,3,84,3
16/06/2019,12,4,5,96,2
23/06/2019,9,4,2,84,3
30/06/2019,9,2,5,89,5
7/07/2019,14,1,4,89,6
14/07/2019,14,2,4,84,6
21/07/2019,8,4,2,90,6
28/07/2019,10,3,3,75,3
4/08/2019,10,1,3,68,4
11/08/2019,10,1,2,84,2
18/08/2019,9,1,2,85,8
25/08/2019,13,6,3,83,4
1/09/2019,13,2,3,87,3
8/09/2019,13,0,4,79,4
15/09/2019,11,3,4,81,7
22/09/2019,7,4,4,85,12
29/09/2019,13,2,3,91,7
6/10/2019,14,1,3,74,3
13/10/2019,9,2,1,77,4
20/10/2019,8,1,2,83,3
27/10/2019,9,3,1,71,2
3/11/2019,7,1,3,86,1
10/11/2019,10,1,2,77,7
17/11/2019,14,2,2,82,3
24/11/2019,5,2,2,75,6
1/12/2019,5,1,5,89,5
8/12/2019,13,3,4,77,7
15/12/2019,12,0,3,80,4
22/12/2019,9,2,2,72,7
29/12/2019,18,2,3,100,6
5/01/2020,20,3,6,82,3
12/01/2020,20,3,2,99,3
